insert into s_user (id, username, password, email, fullname, active)
values ('u001', 'user001', '$2a$12$yzkFE1p3JLVY9VYITS.JCuLlLz7gsK4oclgrrqZYPFJlZSN.t8MIO', 'user001@contoh.com', 'User 001', true);

insert into s_user (id, username, password, email, fullname, active)
values ('u002', 'user002', '$2a$12$yzkFE1p3JLVY9VYITS.JCuLlLz7gsK4oclgrrqZYPFJlZSN.t8MIO', 'user002@contoh.com', 'User 002', true);

insert into s_user (id, username, password, email, fullname, active)
values ('u003', 'user003', 'u00123', 'user003@contoh.com', 'User 003', true);

insert into s_user (id, username, password, email, fullname, active)
values ('u004', 'user004', 'u00123', 'user004@contoh.com', 'User 004', true);

insert into s_user (id, username, password, email, fullname, active)
 values ('u005', 'user005', '$2a$12$yzkFE1p3JLVY9VYITS.JCuLlLz7gsK4oclgrrqZYPFJlZSN.t8MIO', 'user005@contoh.com', 'User 005',true);
insert into s_user (id, username, password, email, fullname, active)
 values ('u006', 'user006', '$2a$12$yzkFE1p3JLVY9VYITS.JCuLlLz7gsK4oclgrrqZYPFJlZSN.t8MIO', 'user006@contoh.com', 'User 006',true);
insert into s_user (id, username, password, email, fullname, active)
 values ('u007', 'user007', '$2a$12$yzkFE1p3JLVY9VYITS.JCuLlLz7gsK4oclgrrqZYPFJlZSN.t8MIO', 'user007@contoh.com', 'User 007',true);
insert into s_user (id, username, password, email, fullname, active)
 values ('u008', 'user008', '$2a$12$yzkFE1p3JLVY9VYITS.JCuLlLz7gsK4oclgrrqZYPFJlZSN.t8MIO', 'user008@contoh.com', 'User 008',true);
insert into s_user (id, username, password, email, fullname, active)
 values ('u009', 'user009', '$2a$12$yzkFE1p3JLVY9VYITS.JCuLlLz7gsK4oclgrrqZYPFJlZSN.t8MIO', 'user009@contoh.com', 'User 009',true);
insert into s_user (id, username, password, email, fullname, active)
 values ('u010', 'user010', '$2a$12$yzkFE1p3JLVY9VYITS.JCuLlLz7gsK4oclgrrqZYPFJlZSN.t8MIO', 'user010@contoh.com', 'User 010',true);
insert into s_user (id, username, password, email, fullname, active)
 values ('u011', 'user011', '$2a$12$yzkFE1p3JLVY9VYITS.JCuLlLz7gsK4oclgrrqZYPFJlZSN.t8MIO', 'user011@contoh.com', 'User 011',true);
insert into s_user (id, username, password, email, fullname, active)
 values ('u012', 'user012', '$2a$12$yzkFE1p3JLVY9VYITS.JCuLlLz7gsK4oclgrrqZYPFJlZSN.t8MIO', 'user012@contoh.com', 'User 012',true);
insert into s_user (id, username, password, email, fullname, active)
 values ('u013', 'user013', '$2a$12$yzkFE1p3JLVY9VYITS.JCuLlLz7gsK4oclgrrqZYPFJlZSN.t8MIO', 'user013@contoh.com', 'User 013',true);
insert into s_user (id, username, password, email, fullname, active)
 values ('u014', 'user014', '$2a$12$yzkFE1p3JLVY9VYITS.JCuLlLz7gsK4oclgrrqZYPFJlZSN.t8MIO', 'user014@contoh.com', 'User 014',true);
insert into s_user (id, username, password, email, fullname, active)
 values ('u015', 'user015', '$2a$12$yzkFE1p3JLVY9VYITS.JCuLlLz7gsK4oclgrrqZYPFJlZSN.t8MIO', 'user015@contoh.com', 'User 015',true);
insert into s_user (id, username, password, email, fullname, active)
 values ('u016', 'user016', '$2a$12$yzkFE1p3JLVY9VYITS.JCuLlLz7gsK4oclgrrqZYPFJlZSN.t8MIO', 'user016@contoh.com', 'User 016',true);
insert into s_user (id, username, password, email, fullname, active)
 values ('u017', 'user017', '$2a$12$yzkFE1p3JLVY9VYITS.JCuLlLz7gsK4oclgrrqZYPFJlZSN.t8MIO', 'user017@contoh.com', 'User 017',true);
insert into s_user (id, username, password, email, fullname, active)
 values ('u018', 'user018', '$2a$12$yzkFE1p3JLVY9VYITS.JCuLlLz7gsK4oclgrrqZYPFJlZSN.t8MIO', 'user018@contoh.com', 'User 018',true);
insert into s_user (id, username, password, email, fullname, active)
 values ('u019', 'user019', '$2a$12$yzkFE1p3JLVY9VYITS.JCuLlLz7gsK4oclgrrqZYPFJlZSN.t8MIO', 'user019@contoh.com', 'User 019',true);
insert into s_user (id, username, password, email, fullname, active)
 values ('u020', 'user020', '$2a$12$yzkFE1p3JLVY9VYITS.JCuLlLz7gsK4oclgrrqZYPFJlZSN.t8MIO', 'user020@contoh.com', 'User 020',true);
insert into s_user (id, username, password, email, fullname, active)
 values ('u021', 'user021', '$2a$12$yzkFE1p3JLVY9VYITS.JCuLlLz7gsK4oclgrrqZYPFJlZSN.t8MIO', 'user021@contoh.com', 'User 021',true);
insert into s_user (id, username, password, email, fullname, active)
 values ('u022', 'user022', '$2a$12$yzkFE1p3JLVY9VYITS.JCuLlLz7gsK4oclgrrqZYPFJlZSN.t8MIO', 'user022@contoh.com', 'User 022',true);
insert into s_user (id, username, password, email, fullname, active)
 values ('u023', 'user023', '$2a$12$yzkFE1p3JLVY9VYITS.JCuLlLz7gsK4oclgrrqZYPFJlZSN.t8MIO', 'user023@contoh.com', 'User 023',true);
insert into s_user (id, username, password, email, fullname, active)
 values ('u024', 'user024', '$2a$12$yzkFE1p3JLVY9VYITS.JCuLlLz7gsK4oclgrrqZYPFJlZSN.t8MIO', 'user024@contoh.com', 'User 024',true);
insert into s_user (id, username, password, email, fullname, active)
 values ('u025', 'user025', '$2a$12$yzkFE1p3JLVY9VYITS.JCuLlLz7gsK4oclgrrqZYPFJlZSN.t8MIO', 'user025@contoh.com', 'User 025',true);
insert into s_user (id, username, password, email, fullname, active)
 values ('u026', 'user026', '$2a$12$yzkFE1p3JLVY9VYITS.JCuLlLz7gsK4oclgrrqZYPFJlZSN.t8MIO', 'user026@contoh.com', 'User 026',true);
insert into s_user (id, username, password, email, fullname, active)
 values ('u027', 'user027', '$2a$12$yzkFE1p3JLVY9VYITS.JCuLlLz7gsK4oclgrrqZYPFJlZSN.t8MIO', 'user027@contoh.com', 'User 027',true);
insert into s_user (id, username, password, email, fullname, active)
 values ('u028', 'user028', '$2a$12$yzkFE1p3JLVY9VYITS.JCuLlLz7gsK4oclgrrqZYPFJlZSN.t8MIO', 'user028@contoh.com', 'User 028',true);
insert into s_user (id, username, password, email, fullname, active)
 values ('u029', 'user029', '$2a$12$yzkFE1p3JLVY9VYITS.JCuLlLz7gsK4oclgrrqZYPFJlZSN.t8MIO', 'user029@contoh.com', 'User 029',true);
insert into s_user (id, username, password, email, fullname, active)
 values ('u030', 'user030', '$2a$12$yzkFE1p3JLVY9VYITS.JCuLlLz7gsK4oclgrrqZYPFJlZSN.t8MIO', 'user030@contoh.com', 'User 030',true);
insert into s_user (id, username, password, email, fullname, active)
 values ('u031', 'user031', '$2a$12$yzkFE1p3JLVY9VYITS.JCuLlLz7gsK4oclgrrqZYPFJlZSN.t8MIO', 'user031@contoh.com', 'User 031',true);
insert into s_user (id, username, password, email, fullname, active)
 values ('u032', 'user032', '$2a$12$yzkFE1p3JLVY9VYITS.JCuLlLz7gsK4oclgrrqZYPFJlZSN.t8MIO', 'user032@contoh.com', 'User 032',true);
insert into s_user (id, username, password, email, fullname, active)
 values ('u033', 'user033', '$2a$12$yzkFE1p3JLVY9VYITS.JCuLlLz7gsK4oclgrrqZYPFJlZSN.t8MIO', 'user033@contoh.com', 'User 033',true);
insert into s_user (id, username, password, email, fullname, active)
 values ('u034', 'user034', '$2a$12$yzkFE1p3JLVY9VYITS.JCuLlLz7gsK4oclgrrqZYPFJlZSN.t8MIO', 'user034@contoh.com', 'User 034',true);
insert into s_user (id, username, password, email, fullname, active)
 values ('u035', 'user035', '$2a$12$yzkFE1p3JLVY9VYITS.JCuLlLz7gsK4oclgrrqZYPFJlZSN.t8MIO', 'user035@contoh.com', 'User 035',true);
insert into s_user (id, username, password, email, fullname, active)
 values ('u036', 'user036', '$2a$12$yzkFE1p3JLVY9VYITS.JCuLlLz7gsK4oclgrrqZYPFJlZSN.t8MIO', 'user036@contoh.com', 'User 036',true);
insert into s_user (id, username, password, email, fullname, active)
 values ('u037', 'user037', '$2a$12$yzkFE1p3JLVY9VYITS.JCuLlLz7gsK4oclgrrqZYPFJlZSN.t8MIO', 'user037@contoh.com', 'User 037',true);
insert into s_user (id, username, password, email, fullname, active)
 values ('u038', 'user038', '$2a$12$yzkFE1p3JLVY9VYITS.JCuLlLz7gsK4oclgrrqZYPFJlZSN.t8MIO', 'user038@contoh.com', 'User 038',true);
insert into s_user (id, username, password, email, fullname, active)
 values ('u039', 'user039', '$2a$12$yzkFE1p3JLVY9VYITS.JCuLlLz7gsK4oclgrrqZYPFJlZSN.t8MIO', 'user039@contoh.com', 'User 039',true);
insert into s_user (id, username, password, email, fullname, active)
 values ('u040', 'user040', '$2a$12$yzkFE1p3JLVY9VYITS.JCuLlLz7gsK4oclgrrqZYPFJlZSN.t8MIO', 'user040@contoh.com', 'User 040',true);
insert into s_user (id, username, password, email, fullname, active)
 values ('u041', 'user041', '$2a$12$yzkFE1p3JLVY9VYITS.JCuLlLz7gsK4oclgrrqZYPFJlZSN.t8MIO', 'user041@contoh.com', 'User 041',true);
insert into s_user (id, username, password, email, fullname, active)
 values ('u042', 'user042', '$2a$12$yzkFE1p3JLVY9VYITS.JCuLlLz7gsK4oclgrrqZYPFJlZSN.t8MIO', 'user042@contoh.com', 'User 042',true);
insert into s_user (id, username, password, email, fullname, active)
 values ('u043', 'user043', '$2a$12$yzkFE1p3JLVY9VYITS.JCuLlLz7gsK4oclgrrqZYPFJlZSN.t8MIO', 'user043@contoh.com', 'User 043',true);
insert into s_user (id, username, password, email, fullname, active)
 values ('u044', 'user044', '$2a$12$yzkFE1p3JLVY9VYITS.JCuLlLz7gsK4oclgrrqZYPFJlZSN.t8MIO', 'user044@contoh.com', 'User 044',true);
insert into s_user (id, username, password, email, fullname, active)
 values ('u045', 'user045', '$2a$12$yzkFE1p3JLVY9VYITS.JCuLlLz7gsK4oclgrrqZYPFJlZSN.t8MIO', 'user045@contoh.com', 'User 045',true);
insert into s_user (id, username, password, email, fullname, active)
 values ('u046', 'user046', '$2a$12$yzkFE1p3JLVY9VYITS.JCuLlLz7gsK4oclgrrqZYPFJlZSN.t8MIO', 'user046@contoh.com', 'User 046',true);
insert into s_user (id, username, password, email, fullname, active)
 values ('u047', 'user047', '$2a$12$yzkFE1p3JLVY9VYITS.JCuLlLz7gsK4oclgrrqZYPFJlZSN.t8MIO', 'user047@contoh.com', 'User 047',true);
insert into s_user (id, username, password, email, fullname, active)
 values ('u048', 'user048', '$2a$12$yzkFE1p3JLVY9VYITS.JCuLlLz7gsK4oclgrrqZYPFJlZSN.t8MIO', 'user048@contoh.com', 'User 048',true);
insert into s_user (id, username, password, email, fullname, active)
 values ('u049', 'user049', '$2a$12$yzkFE1p3JLVY9VYITS.JCuLlLz7gsK4oclgrrqZYPFJlZSN.t8MIO', 'user049@contoh.com', 'User 049',true);
insert into s_user (id, username, password, email, fullname, active)
 values ('u050', 'user050', '$2a$12$yzkFE1p3JLVY9VYITS.JCuLlLz7gsK4oclgrrqZYPFJlZSN.t8MIO', 'user050@contoh.com', 'User 050',true);
insert into s_user (id, username, password, email, fullname, active)
 values ('u051', 'user051', '$2a$12$yzkFE1p3JLVY9VYITS.JCuLlLz7gsK4oclgrrqZYPFJlZSN.t8MIO', 'user051@contoh.com', 'User 051',true);
insert into s_user (id, username, password, email, fullname, active)
 values ('u052', 'user052', '$2a$12$yzkFE1p3JLVY9VYITS.JCuLlLz7gsK4oclgrrqZYPFJlZSN.t8MIO', 'user052@contoh.com', 'User 052',true);
insert into s_user (id, username, password, email, fullname, active)
 values ('u053', 'user053', '$2a$12$yzkFE1p3JLVY9VYITS.JCuLlLz7gsK4oclgrrqZYPFJlZSN.t8MIO', 'user053@contoh.com', 'User 053',true);
insert into s_user (id, username, password, email, fullname, active)
 values ('u054', 'user054', '$2a$12$yzkFE1p3JLVY9VYITS.JCuLlLz7gsK4oclgrrqZYPFJlZSN.t8MIO', 'user054@contoh.com', 'User 054',true);
insert into s_user (id, username, password, email, fullname, active)
 values ('u055', 'user055', '$2a$12$yzkFE1p3JLVY9VYITS.JCuLlLz7gsK4oclgrrqZYPFJlZSN.t8MIO', 'user055@contoh.com', 'User 055',true);
insert into s_user (id, username, password, email, fullname, active)
 values ('u056', 'user056', '$2a$12$yzkFE1p3JLVY9VYITS.JCuLlLz7gsK4oclgrrqZYPFJlZSN.t8MIO', 'user056@contoh.com', 'User 056',true);
insert into s_user (id, username, password, email, fullname, active)
 values ('u057', 'user057', '$2a$12$yzkFE1p3JLVY9VYITS.JCuLlLz7gsK4oclgrrqZYPFJlZSN.t8MIO', 'user057@contoh.com', 'User 057',true);
insert into s_user (id, username, password, email, fullname, active)
 values ('u058', 'user058', '$2a$12$yzkFE1p3JLVY9VYITS.JCuLlLz7gsK4oclgrrqZYPFJlZSN.t8MIO', 'user058@contoh.com', 'User 058',true);
insert into s_user (id, username, password, email, fullname, active)
 values ('u059', 'user059', '$2a$12$yzkFE1p3JLVY9VYITS.JCuLlLz7gsK4oclgrrqZYPFJlZSN.t8MIO', 'user059@contoh.com', 'User 059',true);
insert into s_user (id, username, password, email, fullname, active)
 values ('u060', 'user060', '$2a$12$yzkFE1p3JLVY9VYITS.JCuLlLz7gsK4oclgrrqZYPFJlZSN.t8MIO', 'user060@contoh.com', 'User 060',true);
insert into s_user (id, username, password, email, fullname, active)
 values ('u061', 'user061', '$2a$12$yzkFE1p3JLVY9VYITS.JCuLlLz7gsK4oclgrrqZYPFJlZSN.t8MIO', 'user061@contoh.com', 'User 061',true);
insert into s_user (id, username, password, email, fullname, active)
 values ('u062', 'user062', '$2a$12$yzkFE1p3JLVY9VYITS.JCuLlLz7gsK4oclgrrqZYPFJlZSN.t8MIO', 'user062@contoh.com', 'User 062',true);
insert into s_user (id, username, password, email, fullname, active)
 values ('u063', 'user063', '$2a$12$yzkFE1p3JLVY9VYITS.JCuLlLz7gsK4oclgrrqZYPFJlZSN.t8MIO', 'user063@contoh.com', 'User 063',true);
insert into s_user (id, username, password, email, fullname, active)
 values ('u064', 'user064', '$2a$12$yzkFE1p3JLVY9VYITS.JCuLlLz7gsK4oclgrrqZYPFJlZSN.t8MIO', 'user064@contoh.com', 'User 064',true);
insert into s_user (id, username, password, email, fullname, active)
 values ('u065', 'user065', '$2a$12$yzkFE1p3JLVY9VYITS.JCuLlLz7gsK4oclgrrqZYPFJlZSN.t8MIO', 'user065@contoh.com', 'User 065',true);
insert into s_user (id, username, password, email, fullname, active)
 values ('u066', 'user066', '$2a$12$yzkFE1p3JLVY9VYITS.JCuLlLz7gsK4oclgrrqZYPFJlZSN.t8MIO', 'user066@contoh.com', 'User 066',true);
insert into s_user (id, username, password, email, fullname, active)
 values ('u067', 'user067', '$2a$12$yzkFE1p3JLVY9VYITS.JCuLlLz7gsK4oclgrrqZYPFJlZSN.t8MIO', 'user067@contoh.com', 'User 067',true);
insert into s_user (id, username, password, email, fullname, active)
 values ('u068', 'user068', '$2a$12$yzkFE1p3JLVY9VYITS.JCuLlLz7gsK4oclgrrqZYPFJlZSN.t8MIO', 'user068@contoh.com', 'User 068',true);
insert into s_user (id, username, password, email, fullname, active)
 values ('u069', 'user069', '$2a$12$yzkFE1p3JLVY9VYITS.JCuLlLz7gsK4oclgrrqZYPFJlZSN.t8MIO', 'user069@contoh.com', 'User 069',true);
insert into s_user (id, username, password, email, fullname, active)
 values ('u070', 'user070', '$2a$12$yzkFE1p3JLVY9VYITS.JCuLlLz7gsK4oclgrrqZYPFJlZSN.t8MIO', 'user070@contoh.com', 'User 070',true);
insert into s_user (id, username, password, email, fullname, active)
 values ('u071', 'user071', '$2a$12$yzkFE1p3JLVY9VYITS.JCuLlLz7gsK4oclgrrqZYPFJlZSN.t8MIO', 'user071@contoh.com', 'User 071',true);
insert into s_user (id, username, password, email, fullname, active)
 values ('u072', 'user072', '$2a$12$yzkFE1p3JLVY9VYITS.JCuLlLz7gsK4oclgrrqZYPFJlZSN.t8MIO', 'user072@contoh.com', 'User 072',true);
insert into s_user (id, username, password, email, fullname, active)
 values ('u073', 'user073', '$2a$12$yzkFE1p3JLVY9VYITS.JCuLlLz7gsK4oclgrrqZYPFJlZSN.t8MIO', 'user073@contoh.com', 'User 073',true);
insert into s_user (id, username, password, email, fullname, active)
 values ('u074', 'user074', '$2a$12$yzkFE1p3JLVY9VYITS.JCuLlLz7gsK4oclgrrqZYPFJlZSN.t8MIO', 'user074@contoh.com', 'User 074',true);
insert into s_user (id, username, password, email, fullname, active)
 values ('u075', 'user075', '$2a$12$yzkFE1p3JLVY9VYITS.JCuLlLz7gsK4oclgrrqZYPFJlZSN.t8MIO', 'user075@contoh.com', 'User 075',true);
insert into s_user (id, username, password, email, fullname, active)
 values ('u076', 'user076', '$2a$12$yzkFE1p3JLVY9VYITS.JCuLlLz7gsK4oclgrrqZYPFJlZSN.t8MIO', 'user076@contoh.com', 'User 076',true);
insert into s_user (id, username, password, email, fullname, active)
 values ('u077', 'user077', '$2a$12$yzkFE1p3JLVY9VYITS.JCuLlLz7gsK4oclgrrqZYPFJlZSN.t8MIO', 'user077@contoh.com', 'User 077',true);
insert into s_user (id, username, password, email, fullname, active)
 values ('u078', 'user078', '$2a$12$yzkFE1p3JLVY9VYITS.JCuLlLz7gsK4oclgrrqZYPFJlZSN.t8MIO', 'user078@contoh.com', 'User 078',true);
insert into s_user (id, username, password, email, fullname, active)
 values ('u079', 'user079', '$2a$12$yzkFE1p3JLVY9VYITS.JCuLlLz7gsK4oclgrrqZYPFJlZSN.t8MIO', 'user079@contoh.com', 'User 079',true);
insert into s_user (id, username, password, email, fullname, active)
 values ('u080', 'user080', '$2a$12$yzkFE1p3JLVY9VYITS.JCuLlLz7gsK4oclgrrqZYPFJlZSN.t8MIO', 'user080@contoh.com', 'User 080',true);
insert into s_user (id, username, password, email, fullname, active)
 values ('u081', 'user081', '$2a$12$yzkFE1p3JLVY9VYITS.JCuLlLz7gsK4oclgrrqZYPFJlZSN.t8MIO', 'user081@contoh.com', 'User 081',true);
insert into s_user (id, username, password, email, fullname, active)
 values ('u082', 'user082', '$2a$12$yzkFE1p3JLVY9VYITS.JCuLlLz7gsK4oclgrrqZYPFJlZSN.t8MIO', 'user082@contoh.com', 'User 082',true);
insert into s_user (id, username, password, email, fullname, active)
 values ('u083', 'user083', '$2a$12$yzkFE1p3JLVY9VYITS.JCuLlLz7gsK4oclgrrqZYPFJlZSN.t8MIO', 'user083@contoh.com', 'User 083',true);
insert into s_user (id, username, password, email, fullname, active)
 values ('u084', 'user084', '$2a$12$yzkFE1p3JLVY9VYITS.JCuLlLz7gsK4oclgrrqZYPFJlZSN.t8MIO', 'user084@contoh.com', 'User 084',true);
insert into s_user (id, username, password, email, fullname, active)
 values ('u085', 'user085', '$2a$12$yzkFE1p3JLVY9VYITS.JCuLlLz7gsK4oclgrrqZYPFJlZSN.t8MIO', 'user085@contoh.com', 'User 085',true);
insert into s_user (id, username, password, email, fullname, active)
 values ('u086', 'user086', '$2a$12$yzkFE1p3JLVY9VYITS.JCuLlLz7gsK4oclgrrqZYPFJlZSN.t8MIO', 'user086@contoh.com', 'User 086',true);
insert into s_user (id, username, password, email, fullname, active)
 values ('u087', 'user087', '$2a$12$yzkFE1p3JLVY9VYITS.JCuLlLz7gsK4oclgrrqZYPFJlZSN.t8MIO', 'user087@contoh.com', 'User 087',true);
insert into s_user (id, username, password, email, fullname, active)
 values ('u088', 'user088', '$2a$12$yzkFE1p3JLVY9VYITS.JCuLlLz7gsK4oclgrrqZYPFJlZSN.t8MIO', 'user088@contoh.com', 'User 088',true);
insert into s_user (id, username, password, email, fullname, active)
 values ('u089', 'user089', '$2a$12$yzkFE1p3JLVY9VYITS.JCuLlLz7gsK4oclgrrqZYPFJlZSN.t8MIO', 'user089@contoh.com', 'User 089',true);
insert into s_user (id, username, password, email, fullname, active)
 values ('u090', 'user090', '$2a$12$yzkFE1p3JLVY9VYITS.JCuLlLz7gsK4oclgrrqZYPFJlZSN.t8MIO', 'user090@contoh.com', 'User 090',true);
insert into s_user (id, username, password, email, fullname, active)
 values ('u091', 'user091', '$2a$12$yzkFE1p3JLVY9VYITS.JCuLlLz7gsK4oclgrrqZYPFJlZSN.t8MIO', 'user091@contoh.com', 'User 091',true);
insert into s_user (id, username, password, email, fullname, active)
 values ('u092', 'user092', '$2a$12$yzkFE1p3JLVY9VYITS.JCuLlLz7gsK4oclgrrqZYPFJlZSN.t8MIO', 'user092@contoh.com', 'User 092',true);
insert into s_user (id, username, password, email, fullname, active)
 values ('u093', 'user093', '$2a$12$yzkFE1p3JLVY9VYITS.JCuLlLz7gsK4oclgrrqZYPFJlZSN.t8MIO', 'user093@contoh.com', 'User 093',true);
insert into s_user (id, username, password, email, fullname, active)
 values ('u094', 'user094', '$2a$12$yzkFE1p3JLVY9VYITS.JCuLlLz7gsK4oclgrrqZYPFJlZSN.t8MIO', 'user094@contoh.com', 'User 094',true);
insert into s_user (id, username, password, email, fullname, active)
 values ('u095', 'user095', '$2a$12$yzkFE1p3JLVY9VYITS.JCuLlLz7gsK4oclgrrqZYPFJlZSN.t8MIO', 'user095@contoh.com', 'User 095',true);
insert into s_user (id, username, password, email, fullname, active)
 values ('u096', 'user096', '$2a$12$yzkFE1p3JLVY9VYITS.JCuLlLz7gsK4oclgrrqZYPFJlZSN.t8MIO', 'user096@contoh.com', 'User 096',true);
insert into s_user (id, username, password, email, fullname, active)
 values ('u097', 'user097', '$2a$12$yzkFE1p3JLVY9VYITS.JCuLlLz7gsK4oclgrrqZYPFJlZSN.t8MIO', 'user097@contoh.com', 'User 097',true);
insert into s_user (id, username, password, email, fullname, active)
 values ('u098', 'user098', '$2a$12$yzkFE1p3JLVY9VYITS.JCuLlLz7gsK4oclgrrqZYPFJlZSN.t8MIO', 'user098@contoh.com', 'User 098',true);
insert into s_user (id, username, password, email, fullname, active)
 values ('u099', 'user099', '$2a$12$yzkFE1p3JLVY9VYITS.JCuLlLz7gsK4oclgrrqZYPFJlZSN.t8MIO', 'user099@contoh.com', 'User 099',true);
insert into s_user (id, username, password, email, fullname, active)
 values ('u100', 'user100', '$2a$12$yzkFE1p3JLVY9VYITS.JCuLlLz7gsK4oclgrrqZYPFJlZSN.t8MIO', 'user100@contoh.com', 'User 100',true);
insert into s_user (id, username, password, email, fullname, active)
 values ('u101', 'user101', '$2a$12$yzkFE1p3JLVY9VYITS.JCuLlLz7gsK4oclgrrqZYPFJlZSN.t8MIO', 'user101@contoh.com', 'User 101',true);
insert into s_user (id, username, password, email, fullname, active)
 values ('u102', 'user102', '$2a$12$yzkFE1p3JLVY9VYITS.JCuLlLz7gsK4oclgrrqZYPFJlZSN.t8MIO', 'user102@contoh.com', 'User 102',true);
insert into s_user (id, username, password, email, fullname, active)
 values ('u103', 'user103', '$2a$12$yzkFE1p3JLVY9VYITS.JCuLlLz7gsK4oclgrrqZYPFJlZSN.t8MIO', 'user103@contoh.com', 'User 103',true);
insert into s_user (id, username, password, email, fullname, active)
 values ('u104', 'user104', '$2a$12$yzkFE1p3JLVY9VYITS.JCuLlLz7gsK4oclgrrqZYPFJlZSN.t8MIO', 'user104@contoh.com', 'User 104',true);
insert into s_user (id, username, password, email, fullname, active)
 values ('u105', 'user105', '$2a$12$yzkFE1p3JLVY9VYITS.JCuLlLz7gsK4oclgrrqZYPFJlZSN.t8MIO', 'user105@contoh.com', 'User 105',true);
insert into s_user (id, username, password, email, fullname, active)
 values ('u106', 'user106', '$2a$12$yzkFE1p3JLVY9VYITS.JCuLlLz7gsK4oclgrrqZYPFJlZSN.t8MIO', 'user106@contoh.com', 'User 106',true);
insert into s_user (id, username, password, email, fullname, active)
 values ('u107', 'user107', '$2a$12$yzkFE1p3JLVY9VYITS.JCuLlLz7gsK4oclgrrqZYPFJlZSN.t8MIO', 'user107@contoh.com', 'User 107',true);
insert into s_user (id, username, password, email, fullname, active)
 values ('u108', 'user108', '$2a$12$yzkFE1p3JLVY9VYITS.JCuLlLz7gsK4oclgrrqZYPFJlZSN.t8MIO', 'user108@contoh.com', 'User 108',true);
insert into s_user (id, username, password, email, fullname, active)
 values ('u109', 'user109', '$2a$12$yzkFE1p3JLVY9VYITS.JCuLlLz7gsK4oclgrrqZYPFJlZSN.t8MIO', 'user109@contoh.com', 'User 109',true);
insert into s_user (id, username, password, email, fullname, active)
 values ('u110', 'user110', '$2a$12$yzkFE1p3JLVY9VYITS.JCuLlLz7gsK4oclgrrqZYPFJlZSN.t8MIO', 'user110@contoh.com', 'User 110',true);
insert into s_user (id, username, password, email, fullname, active)
 values ('u111', 'user111', '$2a$12$yzkFE1p3JLVY9VYITS.JCuLlLz7gsK4oclgrrqZYPFJlZSN.t8MIO', 'user111@contoh.com', 'User 111',true);
insert into s_user (id, username, password, email, fullname, active)
 values ('u112', 'user112', '$2a$12$yzkFE1p3JLVY9VYITS.JCuLlLz7gsK4oclgrrqZYPFJlZSN.t8MIO', 'user112@contoh.com', 'User 112',true);
insert into s_user (id, username, password, email, fullname, active)
 values ('u113', 'user113', '$2a$12$yzkFE1p3JLVY9VYITS.JCuLlLz7gsK4oclgrrqZYPFJlZSN.t8MIO', 'user113@contoh.com', 'User 113',true);
insert into s_user (id, username, password, email, fullname, active)
 values ('u114', 'user114', '$2a$12$yzkFE1p3JLVY9VYITS.JCuLlLz7gsK4oclgrrqZYPFJlZSN.t8MIO', 'user114@contoh.com', 'User 114',true);
insert into s_user (id, username, password, email, fullname, active)
 values ('u115', 'user115', '$2a$12$yzkFE1p3JLVY9VYITS.JCuLlLz7gsK4oclgrrqZYPFJlZSN.t8MIO', 'user115@contoh.com', 'User 115',true);
insert into s_user (id, username, password, email, fullname, active)
 values ('u116', 'user116', '$2a$12$yzkFE1p3JLVY9VYITS.JCuLlLz7gsK4oclgrrqZYPFJlZSN.t8MIO', 'user116@contoh.com', 'User 116',true);
insert into s_user (id, username, password, email, fullname, active)
 values ('u117', 'user117', '$2a$12$yzkFE1p3JLVY9VYITS.JCuLlLz7gsK4oclgrrqZYPFJlZSN.t8MIO', 'user117@contoh.com', 'User 117',true);
insert into s_user (id, username, password, email, fullname, active)
 values ('u118', 'user118', '$2a$12$yzkFE1p3JLVY9VYITS.JCuLlLz7gsK4oclgrrqZYPFJlZSN.t8MIO', 'user118@contoh.com', 'User 118',true);
insert into s_user (id, username, password, email, fullname, active)
 values ('u119', 'user119', '$2a$12$yzkFE1p3JLVY9VYITS.JCuLlLz7gsK4oclgrrqZYPFJlZSN.t8MIO', 'user119@contoh.com', 'User 119',true);
insert into s_user (id, username, password, email, fullname, active)
 values ('u120', 'user120', '$2a$12$yzkFE1p3JLVY9VYITS.JCuLlLz7gsK4oclgrrqZYPFJlZSN.t8MIO', 'user120@contoh.com', 'User 120',true);
insert into s_user (id, username, password, email, fullname, active)
 values ('u121', 'user121', '$2a$12$yzkFE1p3JLVY9VYITS.JCuLlLz7gsK4oclgrrqZYPFJlZSN.t8MIO', 'user121@contoh.com', 'User 121',true);
insert into s_user (id, username, password, email, fullname, active)
 values ('u122', 'user122', '$2a$12$yzkFE1p3JLVY9VYITS.JCuLlLz7gsK4oclgrrqZYPFJlZSN.t8MIO', 'user122@contoh.com', 'User 122',true);
insert into s_user (id, username, password, email, fullname, active)
 values ('u123', 'user123', '$2a$12$yzkFE1p3JLVY9VYITS.JCuLlLz7gsK4oclgrrqZYPFJlZSN.t8MIO', 'user123@contoh.com', 'User 123',true);
insert into s_user (id, username, password, email, fullname, active)
 values ('u124', 'user124', '$2a$12$yzkFE1p3JLVY9VYITS.JCuLlLz7gsK4oclgrrqZYPFJlZSN.t8MIO', 'user124@contoh.com', 'User 124',true);
insert into s_user (id, username, password, email, fullname, active)
 values ('u125', 'user125', '$2a$12$yzkFE1p3JLVY9VYITS.JCuLlLz7gsK4oclgrrqZYPFJlZSN.t8MIO', 'user125@contoh.com', 'User 125',true);
insert into s_user (id, username, password, email, fullname, active)
 values ('u126', 'user126', '$2a$12$yzkFE1p3JLVY9VYITS.JCuLlLz7gsK4oclgrrqZYPFJlZSN.t8MIO', 'user126@contoh.com', 'User 126',true);
insert into s_user (id, username, password, email, fullname, active)
 values ('u127', 'user127', '$2a$12$yzkFE1p3JLVY9VYITS.JCuLlLz7gsK4oclgrrqZYPFJlZSN.t8MIO', 'user127@contoh.com', 'User 127',true);
insert into s_user (id, username, password, email, fullname, active)
 values ('u128', 'user128', '$2a$12$yzkFE1p3JLVY9VYITS.JCuLlLz7gsK4oclgrrqZYPFJlZSN.t8MIO', 'user128@contoh.com', 'User 128',true);
insert into s_user (id, username, password, email, fullname, active)
 values ('u129', 'user129', '$2a$12$yzkFE1p3JLVY9VYITS.JCuLlLz7gsK4oclgrrqZYPFJlZSN.t8MIO', 'user129@contoh.com', 'User 129',true);
insert into s_user (id, username, password, email, fullname, active)
 values ('u130', 'user130', '$2a$12$yzkFE1p3JLVY9VYITS.JCuLlLz7gsK4oclgrrqZYPFJlZSN.t8MIO', 'user130@contoh.com', 'User 130',true);
insert into s_user (id, username, password, email, fullname, active)
 values ('u131', 'user131', '$2a$12$yzkFE1p3JLVY9VYITS.JCuLlLz7gsK4oclgrrqZYPFJlZSN.t8MIO', 'user131@contoh.com', 'User 131',true);
insert into s_user (id, username, password, email, fullname, active)
 values ('u132', 'user132', '$2a$12$yzkFE1p3JLVY9VYITS.JCuLlLz7gsK4oclgrrqZYPFJlZSN.t8MIO', 'user132@contoh.com', 'User 132',true);
insert into s_user (id, username, password, email, fullname, active)
 values ('u133', 'user133', '$2a$12$yzkFE1p3JLVY9VYITS.JCuLlLz7gsK4oclgrrqZYPFJlZSN.t8MIO', 'user133@contoh.com', 'User 133',true);
insert into s_user (id, username, password, email, fullname, active)
 values ('u134', 'user134', '$2a$12$yzkFE1p3JLVY9VYITS.JCuLlLz7gsK4oclgrrqZYPFJlZSN.t8MIO', 'user134@contoh.com', 'User 134',true);


insert into s_permission (id, name, label)
values ('p001', 'HARGA_VIEW', 'Lihat data harga');

insert into s_permission (id, name, label)
values ('p002', 'HARGA_EDIT', 'Edit data harga');

insert into s_permission (id, name, label)
values ('p003', 'TRANSAKSI_VIEW', 'Lihat data transaksi');

insert into s_permission (id, name, label)
values ('p004', 'TRANSAKSI_EDIT', 'Edit data transaksi');

insert into s_role (id, name, label)
values ('r001', 'ADMIN', 'Administrator');

insert into s_role (id, name, label)
values ('r002', 'CUSTOMER', 'Nasabah');


insert into s_user_role(id_user, id_role)
values ('u001', 'r001');

insert into s_user_role(id_user, id_role)
values ('u002', 'r002');

insert into s_user_role(id_user, id_role)
values ('u003', 'r002');

insert into s_user_role(id_user, id_role)
values ('u004', 'r002');

insert into s_role_permission (id_role, id_permission)
values ('r001', 'p001');

insert into s_role_permission (id_role, id_permission)
values ('r001', 'p002');

insert into s_role_permission (id_role, id_permission)
values ('r001', 'p003');

insert into s_role_permission (id_role, id_permission)
values ('r002', 'p001');

insert into s_role_permission (id_role, id_permission)
values ('r002', 'p003');

insert into s_role_permission (id_role, id_permission)
values ('r002', 'p004');